/*
 Navicat Premium Data Transfer

 Source Server         : local
 Source Server Type    : MySQL
 Source Server Version : 100419
 Source Host           : localhost:3306
 Source Schema         : annidastore

 Target Server Type    : MySQL
 Target Server Version : 100419
 File Encoding         : 65001

 Date: 16/06/2021 13:09:59
*/

SET NAMES utf8mb4;
SET FOREIGN_KEY_CHECKS = 0;

-- ----------------------------
-- Table structure for admin
-- ----------------------------
DROP TABLE IF EXISTS `admin`;
CREATE TABLE `admin`  (
  `id` int(11) NOT NULL AUTO_INCREMENT,
  `username` varchar(255) CHARACTER SET latin1 COLLATE latin1_swedish_ci NOT NULL,
  `password` varchar(255) CHARACTER SET latin1 COLLATE latin1_swedish_ci NOT NULL,
  `creationDate` timestamp(0) NOT NULL DEFAULT current_timestamp(0),
  `updationDate` varchar(255) CHARACTER SET latin1 COLLATE latin1_swedish_ci NOT NULL,
  PRIMARY KEY (`id`) USING BTREE
) ENGINE = InnoDB AUTO_INCREMENT = 2 CHARACTER SET = latin1 COLLATE = latin1_swedish_ci ROW_FORMAT = Dynamic;

-- ----------------------------
-- Records of admin
-- ----------------------------
INSERT INTO `admin` VALUES (1, 'admin', '202cb962ac59075b964b07152d234b70', '2017-01-24 16:21:18', '21-06-2018 08:27:55 PM');

-- ----------------------------
-- Table structure for category
-- ----------------------------
DROP TABLE IF EXISTS `category`;
CREATE TABLE `category`  (
  `id` int(11) NOT NULL AUTO_INCREMENT,
  `categoryName` varchar(255) CHARACTER SET latin1 COLLATE latin1_swedish_ci NULL DEFAULT NULL,
  `categoryDescription` longtext CHARACTER SET latin1 COLLATE latin1_swedish_ci NULL,
  `creationDate` timestamp(0) NOT NULL DEFAULT current_timestamp(0),
  `updationDate` varchar(255) CHARACTER SET latin1 COLLATE latin1_swedish_ci NULL DEFAULT NULL,
  PRIMARY KEY (`id`) USING BTREE
) ENGINE = InnoDB AUTO_INCREMENT = 8 CHARACTER SET = latin1 COLLATE = latin1_swedish_ci ROW_FORMAT = Dynamic;

-- ----------------------------
-- Records of category
-- ----------------------------
INSERT INTO `category` VALUES (3, 'Buku', 'Katalog Buku', '2017-01-24 19:17:37', '30-01-2017 12:22:24 AM');
INSERT INTO `category` VALUES (4, 'Elektronik', 'Produk Elektronik', '2017-01-24 19:19:32', '');
INSERT INTO `category` VALUES (5, 'Meubel', 'test', '2017-01-24 19:19:54', '');
INSERT INTO `category` VALUES (6, 'Pakaian', 'Pakaian', '2017-02-20 19:18:52', '');
INSERT INTO `category` VALUES (7, 'Sembako', 'Camilan', '2021-06-16 12:58:09', NULL);

-- ----------------------------
-- Table structure for orders
-- ----------------------------
DROP TABLE IF EXISTS `orders`;
CREATE TABLE `orders`  (
  `id` int(11) NOT NULL AUTO_INCREMENT,
  `userId` int(11) NULL DEFAULT NULL,
  `productId` varchar(255) CHARACTER SET latin1 COLLATE latin1_swedish_ci NULL DEFAULT NULL,
  `quantity` int(11) NULL DEFAULT NULL,
  `orderDate` timestamp(0) NOT NULL DEFAULT current_timestamp(0),
  `paymentMethod` varchar(50) CHARACTER SET latin1 COLLATE latin1_swedish_ci NULL DEFAULT NULL,
  `orderStatus` varchar(55) CHARACTER SET latin1 COLLATE latin1_swedish_ci NULL DEFAULT NULL,
  PRIMARY KEY (`id`) USING BTREE
) ENGINE = InnoDB AUTO_INCREMENT = 10 CHARACTER SET = latin1 COLLATE = latin1_swedish_ci ROW_FORMAT = Dynamic;

-- ----------------------------
-- Records of orders
-- ----------------------------
INSERT INTO `orders` VALUES (1, 1, '3', 1, '2017-03-07 19:32:57', 'COD', NULL);
INSERT INTO `orders` VALUES (3, 1, '4', 1, '2017-03-10 19:43:04', 'Debit / Credit card', 'Delivered');
INSERT INTO `orders` VALUES (4, 1, '17', 1, '2017-03-08 16:14:17', 'COD', 'in Process');
INSERT INTO `orders` VALUES (5, 1, '3', 1, '2017-03-08 19:21:38', 'COD', NULL);
INSERT INTO `orders` VALUES (6, 1, '4', 1, '2017-03-08 19:21:38', 'COD', NULL);
INSERT INTO `orders` VALUES (7, 1, '15', 1, '2021-06-16 12:34:15', 'Internet Banking', NULL);
INSERT INTO `orders` VALUES (8, 1, '15', 1, '2021-06-16 13:07:16', 'COD', NULL);
INSERT INTO `orders` VALUES (9, 1, '15', 1, '2021-06-16 13:07:43', 'COD', NULL);

-- ----------------------------
-- Table structure for ordertrackhistory
-- ----------------------------
DROP TABLE IF EXISTS `ordertrackhistory`;
CREATE TABLE `ordertrackhistory`  (
  `id` int(11) NOT NULL AUTO_INCREMENT,
  `orderId` int(11) NULL DEFAULT NULL,
  `status` varchar(255) CHARACTER SET latin1 COLLATE latin1_swedish_ci NULL DEFAULT NULL,
  `remark` mediumtext CHARACTER SET latin1 COLLATE latin1_swedish_ci NULL,
  `postingDate` timestamp(0) NOT NULL DEFAULT current_timestamp(0),
  PRIMARY KEY (`id`) USING BTREE
) ENGINE = InnoDB AUTO_INCREMENT = 5 CHARACTER SET = latin1 COLLATE = latin1_swedish_ci ROW_FORMAT = Dynamic;

-- ----------------------------
-- Records of ordertrackhistory
-- ----------------------------
INSERT INTO `ordertrackhistory` VALUES (1, 3, 'in Process', 'Order has been Shipped.', '2017-03-10 19:36:45');
INSERT INTO `ordertrackhistory` VALUES (2, 1, 'Delivered', 'Order Has been delivered', '2017-03-10 19:37:31');
INSERT INTO `ordertrackhistory` VALUES (3, 3, 'Delivered', 'Product delivered successfully', '2017-03-10 19:43:04');
INSERT INTO `ordertrackhistory` VALUES (4, 4, 'in Process', 'Product ready for Shipping', '2017-03-10 19:50:36');

-- ----------------------------
-- Table structure for productreviews
-- ----------------------------
DROP TABLE IF EXISTS `productreviews`;
CREATE TABLE `productreviews`  (
  `id` int(11) NOT NULL AUTO_INCREMENT,
  `productId` int(11) NULL DEFAULT NULL,
  `quality` int(11) NULL DEFAULT NULL,
  `price` int(11) NULL DEFAULT NULL,
  `value` int(11) NULL DEFAULT NULL,
  `name` varchar(255) CHARACTER SET latin1 COLLATE latin1_swedish_ci NULL DEFAULT NULL,
  `summary` varchar(255) CHARACTER SET latin1 COLLATE latin1_swedish_ci NULL DEFAULT NULL,
  `review` longtext CHARACTER SET latin1 COLLATE latin1_swedish_ci NULL,
  `reviewDate` timestamp(0) NOT NULL DEFAULT current_timestamp(0),
  PRIMARY KEY (`id`) USING BTREE
) ENGINE = InnoDB AUTO_INCREMENT = 5 CHARACTER SET = latin1 COLLATE = latin1_swedish_ci ROW_FORMAT = Dynamic;

-- ----------------------------
-- Records of productreviews
-- ----------------------------
INSERT INTO `productreviews` VALUES (2, 3, 4, 5, 5, 'Anuj Kumar', 'BEST PRODUCT FOR ME :)', 'BEST PRODUCT FOR ME :)', '2017-02-26 20:43:57');
INSERT INTO `productreviews` VALUES (3, 3, 3, 4, 3, 'Sarita pandey', 'Nice Product', 'Value for money', '2017-02-26 20:52:46');
INSERT INTO `productreviews` VALUES (4, 3, 3, 4, 3, 'Sarita pandey', 'Nice Product', 'Value for money', '2017-02-26 20:59:19');

-- ----------------------------
-- Table structure for products
-- ----------------------------
DROP TABLE IF EXISTS `products`;
CREATE TABLE `products`  (
  `id` int(11) NOT NULL AUTO_INCREMENT,
  `category` int(11) NOT NULL,
  `subCategory` int(11) NULL DEFAULT NULL,
  `productName` varchar(255) CHARACTER SET latin1 COLLATE latin1_swedish_ci NULL DEFAULT NULL,
  `productCompany` varchar(255) CHARACTER SET latin1 COLLATE latin1_swedish_ci NULL DEFAULT NULL,
  `productPrice` int(11) NULL DEFAULT NULL,
  `productPriceBeforeDiscount` int(11) NULL DEFAULT NULL,
  `productDescription` longtext CHARACTER SET latin1 COLLATE latin1_swedish_ci NULL,
  `productImage1` varchar(255) CHARACTER SET latin1 COLLATE latin1_swedish_ci NULL DEFAULT NULL,
  `productImage2` varchar(255) CHARACTER SET latin1 COLLATE latin1_swedish_ci NULL DEFAULT NULL,
  `productImage3` varchar(255) CHARACTER SET latin1 COLLATE latin1_swedish_ci NULL DEFAULT NULL,
  `shippingCharge` int(11) NULL DEFAULT NULL,
  `productAvailability` varchar(255) CHARACTER SET latin1 COLLATE latin1_swedish_ci NULL DEFAULT NULL,
  `postingDate` timestamp(0) NULL DEFAULT current_timestamp(0),
  `updationDate` varchar(255) CHARACTER SET latin1 COLLATE latin1_swedish_ci NULL DEFAULT NULL,
  PRIMARY KEY (`id`) USING BTREE
) ENGINE = InnoDB AUTO_INCREMENT = 21 CHARACTER SET = latin1 COLLATE = latin1_swedish_ci ROW_FORMAT = Dynamic;

-- ----------------------------
-- Records of products
-- ----------------------------
INSERT INTO `products` VALUES (1, 4, 3, 'Micromax 81cm (32) HD Ready LED TV  (32T6175MHD, 2 x HDMI, 2 x USB)', 'Micromax test', 139900, 0, '<div class=\"HoUsOy\" style=\"box-sizing: border-box; margin: 0px; padding: 0px 0px 16px; font-size: 18px; white-space: nowrap; line-height: 1.4; color: rgb(33, 33, 33); font-family: Roboto, Arial, sans-serif;\">General</div><ul style=\"box-sizing: border-box; margin-bottom: 0px; margin-left: 0px; color: rgb(33, 33, 33); font-family: Roboto, Arial, sans-serif; font-size: 14px;\"><li class=\"_1KuY3T row\" style=\"box-sizing: border-box; margin: 0px; padding: 0px 0px 16px; list-style: none; display: flex; flex-flow: row wrap; width: 731px;\"><div class=\"vmXPri col col-3-12\" style=\"box-sizing: border-box; margin: 0px; padding: 0px 8px 0px 0px; width: 182.75px; display: inline-block; vertical-align: top; color: rgb(135, 135, 135);\">Sales Package</div><ul class=\"_3dG3ix col col-9-12\" style=\"box-sizing: border-box; margin-left: 0px; width: 548.25px; display: inline-block; vertical-align: top; line-height: 1.4;\"><li class=\"sNqDog\" style=\"box-sizing: border-box; margin: 0px; padding: 0px; list-style: none;\">1 TV Unit, Remote Controller, Battery (For Remote Controller), Quick Installation Guide and User Manual: All in One, Wall Mount Support</li></ul></li><li class=\"_1KuY3T row\" style=\"box-sizing: border-box; margin: 0px; padding: 0px 0px 16px; list-style: none; display: flex; flex-flow: row wrap; width: 731px;\"><div class=\"vmXPri col col-3-12\" style=\"box-sizing: border-box; margin: 0px; padding: 0px 8px 0px 0px; width: 182.75px; display: inline-block; vertical-align: top; color: rgb(135, 135, 135);\">Model Name</div><ul class=\"_3dG3ix col col-9-12\" style=\"box-sizing: border-box; margin-left: 0px; width: 548.25px; display: inline-block; vertical-align: top; line-height: 1.4;\"><li class=\"sNqDog\" style=\"box-sizing: border-box; margin: 0px; padding: 0px; list-style: none;\">32T6175MHD</li></ul></li><li class=\"_1KuY3T row\" style=\"box-sizing: border-box; margin: 0px; padding: 0px 0px 16px; list-style: none; display: flex; flex-flow: row wrap; width: 731px;\"><div class=\"vmXPri col col-3-12\" style=\"box-sizing: border-box; margin: 0px; padding: 0px 8px 0px 0px; width: 182.75px; display: inline-block; vertical-align: top; color: rgb(135, 135, 135);\">Display Size</div><ul class=\"_3dG3ix col col-9-12\" style=\"box-sizing: border-box; margin-left: 0px; width: 548.25px; display: inline-block; vertical-align: top; line-height: 1.4;\"><li class=\"sNqDog\" style=\"box-sizing: border-box; margin: 0px; padding: 0px; list-style: none;\">81 cm (32)</li></ul></li><li class=\"_1KuY3T row\" style=\"box-sizing: border-box; margin: 0px; padding: 0px 0px 16px; list-style: none; display: flex; flex-flow: row wrap; width: 731px;\"><div class=\"vmXPri col col-3-12\" style=\"box-sizing: border-box; margin: 0px; padding: 0px 8px 0px 0px; width: 182.75px; display: inline-block; vertical-align: top; color: rgb(135, 135, 135);\">Screen Type</div><ul class=\"_3dG3ix col col-9-12\" style=\"box-sizing: border-box; margin-left: 0px; width: 548.25px; display: inline-block; vertical-align: top; line-height: 1.4;\"><li class=\"sNqDog\" style=\"box-sizing: border-box; margin: 0px; padding: 0px; list-style: none;\">LED</li></ul></li><li class=\"_1KuY3T row\" style=\"box-sizing: border-box; margin: 0px; padding: 0px 0px 16px; list-style: none; display: flex; flex-flow: row wrap; width: 731px;\"><div class=\"vmXPri col col-3-12\" style=\"box-sizing: border-box; margin: 0px; padding: 0px 8px 0px 0px; width: 182.75px; display: inline-block; vertical-align: top; color: rgb(135, 135, 135);\">HD Technology &amp; Resolutiontest</div><ul class=\"_3dG3ix col col-9-12\" style=\"box-sizing: border-box; margin-left: 0px; width: 548.25px; display: inline-block; vertical-align: top; line-height: 1.4;\"><li class=\"sNqDog\" style=\"box-sizing: border-box; margin: 0px; padding: 0px; list-style: none;\">HD Ready, 1366 x 768</li></ul></li></ul>', 'micromax1.jpeg', 'micromax main image.jpg', 'micromax main image.jpg', 1200, 'In Stock', '2017-01-30 16:54:35', '');
INSERT INTO `products` VALUES (2, 4, 4, 'Apple iPhone 6 (Silver, 16 GB)', 'Apple INC', 36990, 0, '<div class=\"_2PF8IO\" style=\"box-sizing: border-box; margin: 0px 0px 0px 110px; padding: 0px; flex: 1 1 0%; color: rgb(33, 33, 33); font-family: Roboto, Arial, sans-serif; font-size: 14px;\"><ul style=\"box-sizing: border-box; margin-bottom: 0px; margin-left: 0px;\"><li class=\"_1tMfkh\" style=\"box-sizing: border-box; margin: 0px; padding: 0px 0px 8px 16px; list-style: none; position: relative;\">1 GB RAM | 16 GB ROM |</li><li class=\"_1tMfkh\" style=\"box-sizing: border-box; margin: 0px; padding: 0px 0px 8px 16px; list-style: none; position: relative;\">4.7 inch Retina HD Display</li><li class=\"_1tMfkh\" style=\"box-sizing: border-box; margin: 0px; padding: 0px 0px 8px 16px; list-style: none; position: relative;\">8MP Primary Camera | 1.2MP Front</li><li class=\"_1tMfkh\" style=\"box-sizing: border-box; margin: 0px; padding: 0px 0px 8px 16px; list-style: none; position: relative;\">Li-Ion Battery</li><li class=\"_1tMfkh\" style=\"box-sizing: border-box; margin: 0px; padding: 0px 0px 8px 16px; list-style: none; position: relative;\">A8 Chip with 64-bit Architecture and M8 Motion Co-processor Processor</li></ul></div>', 'apple-iphone-6-1.jpeg', 'apple-iphone-6-2.jpeg', 'apple-iphone-6-3.jpeg', 0, 'In Stock', '2017-01-30 16:59:00', '');
INSERT INTO `products` VALUES (3, 4, 4, 'Redmi Note 4 (Gold, 32 GB)  (With 3 GB RAM)', 'Redmi', 10999, 0, '<br><div><ol><li>3 GB RAM | 32 GB ROM | Expandable Upto 128 GB<br></li><li>5.5 inch Full HD Display<br></li><li>13MP Primary Camera | 5MP Front<br></li><li>4100 mAh Li-Polymer Battery<br></li><li>Qualcomm Snapdragon 625 64-bit Processor<br></li></ol></div>', 'mi-redmi-note-4-1.jpeg', 'mi-redmi-note-4-2.jpeg', 'mi-redmi-note-4-3.jpeg', 0, 'In Stock', '2017-02-04 04:03:15', '');
INSERT INTO `products` VALUES (4, 4, 4, 'Lenovo K6 Power (Silver, 32 GB) ', 'Lenovo', 9999, 0, '<ul><li>3 GB RAM | 32 GB ROM | Expandable Upto 128 GB<br></li><li>5 inch Full HD Display<br></li><li>13MP Primary Camera | 8MP Front<br></li><li>4000 mAh Li-Polymer Battery<br></li><li>Qualcomm Snapdragon 430 Processor<br></li></ul>', 'lenovo-k6-power-k33a42-1.jpeg', 'lenovo-k6-power-k33a42-2.jpeg', 'lenovo-k6-power-k33a42-3.jpeg', 45, 'In Stock', '2017-02-04 04:04:43', '');
INSERT INTO `products` VALUES (5, 4, 4, 'Lenovo Vibe K5 Note (Gold, 32 GB)  ', 'Lenovo', 11999, 0, '<ul><li>3 GB RAM | 32 GB ROM | Expandable Upto 128 GB<br></li><li>5.5 inch Full HD Display<br></li><li>13MP Primary Camera | 8MP Front<br></li><li>3500 mAh Li-Ion Polymer Battery<br></li><li>Helio P10 64-bit Processor<br></li></ul>', 'lenovo-k5-note-pa330010in-1.jpeg', 'lenovo-k5-note-pa330116in-2.jpeg', 'lenovo-k5-note-pa330116in-3.jpeg', 0, 'In Stock', '2017-02-04 04:06:17', '');
INSERT INTO `products` VALUES (6, 4, 4, 'Micromax Canvas Mega 4G', 'Micromax', 6999, 0, '<ul><li>3 GB RAM | 16 GB ROM |<br></li><li>5.5 inch HD Display<br></li><li>13MP Primary Camera | 5MP Front<br></li><li>2500 mAh Battery<br></li><li>MT6735 Processor<br></li></ul>', 'micromax-canvas-mega-4g-1.jpeg', 'micromax-canvas-mega-4g-2.jpeg', 'micromax-canvas-mega-4g-3.jpeg', 35, 'In Stock', '2017-02-04 04:08:07', '');
INSERT INTO `products` VALUES (7, 4, 4, 'SAMSUNG Galaxy On5', 'SAMSUNG', 7490, 0, '<ul><li>1.5 GB RAM | 8 GB ROM | Expandable Upto 128 GB<br></li><li>5 inch HD Display<br></li><li>8MP Primary Camera | 5MP Front<br></li><li>2600 mAh Li-Ion Battery<br></li><li>Exynos 3475 Processor<br></li></ul>', 'samsung-galaxy-on7-sm-1.jpeg', 'samsung-galaxy-on5-sm-2.jpeg', 'samsung-galaxy-on5-sm-3.jpeg', 20, 'In Stock', '2017-02-04 04:10:17', '');
INSERT INTO `products` VALUES (8, 4, 4, 'OPPO A57', 'OPPO', 14990, 0, '<ul><li>3 GB RAM | 32 GB ROM | Expandable Upto 256 GB<br></li><li>5.2 inch HD Display<br></li><li>13MP Primary Camera | 16MP Front<br></li><li>2900 mAh Battery<br></li><li>Qualcomm MSM8940 64-bit Processor<br></li></ul>', 'oppo-a57-na-original-1.jpeg', 'oppo-a57-na-original-2.jpeg', 'oppo-a57-na-original-3.jpeg', 0, 'In Stock', '2017-02-04 04:11:54', '');
INSERT INTO `products` VALUES (9, 4, 5, 'Affix Back Cover for Mi Redmi Note 4', 'Techguru', 259, 0, '<ul><li>Suitable For: Mobile<br></li><li>Material: Polyurethane<br></li><li>Theme: No Theme<br></li><li>Type: Back Cover<br></li><li>Waterproof<br></li></ul>', 'amzer-amz98947-original-1.jpeg', 'amzer-amz98947-original-2.jpeg', 'amzer-amz98947-original-3.jpeg', 10, 'In Stock', '2017-02-04 04:17:03', '');
INSERT INTO `products` VALUES (11, 4, 6, 'Acer ES 15 Pentium Quad Core', 'Acer', 19990, 0, '<ul><li>Intel Pentium Quad Core Processor ( )<br></li><li>4 GB DDR3 RAM<br></li><li>Linux/Ubuntu Operating System<br></li><li>1 TB HDD<br></li><li>15.6 inch Display<br></li></ul>', 'acer-aspire-notebook-original-1.jpeg', 'acer-aspire-notebook-original-2.jpeg', 'acer-aspire-notebook-original-3.jpeg', 0, 'In Stock', '2017-02-04 04:26:17', '');
INSERT INTO `products` VALUES (12, 4, 6, 'Micromax Canvas Laptab II (WIFI) Atom 4th Gen', 'Micromax', 10999, 0, '<ul><li>Intel Atom Processor ( 4th Gen )<br></li><li>2 GB DDR3 RAM<br></li><li>32 bit Windows 10 Operating System<br></li><li>11.6 inch Touchscreen Display<br></li></ul>', 'micromax-lt777w-2-in-1-laptop-original-1.jpeg', 'micromax-lt777w-2-in-1-laptop-original-2.jpeg', 'micromax-lt777w-2-in-1-laptop-original-3.jpeg', 0, 'In Stock', '2017-02-04 04:28:17', '');
INSERT INTO `products` VALUES (13, 4, 6, 'HP Core i5 5th Gen', 'HP', 41990, 0, '<span style=\"color: rgb(33, 33, 33); font-family: Roboto, Arial, sans-serif; font-size: 18px;\">HP Core i5 5th Gen - (4 GB/1 TB HDD/Windows 10 Home/2 GB Graphics) N8M28PA 15-ac123tx Notebook</span><span style=\"color: rgb(33, 33, 33); font-family: Roboto, Arial, sans-serif; font-size: 18px;\">&nbsp;&nbsp;(15.6 inch, Turbo SIlver, 2.19 kg)</span><br><div><ul><li>Intel Core i5 Processor ( 5th Gen )<br></li><li>4 GB DDR3 RAM<br></li><li>64 bit Windows 10 Operating System<br></li><li>1 TB HDD<br></li><li>15.6 inch Display<br></li></ul></div>', 'hp-notebook-original-1.jpeg', 'hp-notebook-original-2.jpeg', 'hp-notebook-original-3.jpeg', 0, 'In Stock', '2017-02-04 04:30:24', '');
INSERT INTO `products` VALUES (14, 4, 6, 'Lenovo Ideapad 110 APU Quad Core A6 6th Gen', 'Lenovo', 22990, 0, '<span style=\"color: rgb(33, 33, 33); font-family: Roboto, Arial, sans-serif; font-size: 18px;\">Lenovo Ideapad 110 APU Quad Core A6 6th Gen - (4 GB/500 GB HDD/Windows 10 Home) 80TJ00D2IH IP110 15ACL Notebook</span><span style=\"color: rgb(33, 33, 33); font-family: Roboto, Arial, sans-serif; font-size: 18px;\">&nbsp;&nbsp;(15.6 inch, Black, 2.2 kg)</span><br><div><ul><li>AMD APU Quad Core A6 Processor ( 6th Gen )<br></li><li>4 GB DDR3 RAM<br></li><li>64 bit Windows 10 Operating System<br></li><li>500 GB HDD<br></li><li>15.6 inch Display<br></li></ul></div>', 'lenovo-ideapad-notebook-original-1.jpeg', 'lenovo-ideapad-notebook-original-2.jpeg', 'lenovo-ideapad-notebook-3.jpeg', 0, 'In Stock', '2017-02-04 04:32:15', '');
INSERT INTO `products` VALUES (15, 3, 8, 'The Wimpy Kid Do -It- Yourself Book', 'ABC', 205, 250, '<span style=\"color: rgb(33, 33, 33); font-family: Roboto, Arial, sans-serif; font-size: 18px;\">The Wimpy Kid Do -It- Yourself Book</span><span style=\"color: rgb(33, 33, 33); font-family: Roboto, Arial, sans-serif; font-size: 18px;\">&nbsp;&nbsp;(English, Paperback, Jeff Kinney)</span><br><div><ul><li>Language: English<br></li><li>Binding: Paperback<br></li><li>Publisher: Penguin Books Ltd<br></li><li>ISBN: 9780141339665, 0141339667<br></li><li>Edition: 1<br></li></ul></div>', 'diary-of-a-wimpy-kid-do-it-yourself-book-original-1.jpeg', 'diary-of-a-wimpy-kid-do-it-yourself-book-original-1.jpeg', 'diary-of-a-wimpy-kid-do-it-yourself-book-original-1.jpeg', 50, 'In Stock', '2017-02-04 04:35:13', '');
INSERT INTO `products` VALUES (16, 3, 8, 'Thea Stilton and the Tropical Treasure ', 'XYZ', 240, 0, '<ul><li>Language: English<br></li><li>Binding: Paperback<br></li><li>Publisher: Scholastic<br></li><li>ISBN: 9789351032083, 9351032086<br></li><li>Edition: 2015<br></li><li>Pages: 176<br></li></ul>', '22-thea-stilton-and-the-tropical-treasure-original-1.jpeg', '22-thea-stilton-and-the-tropical-treasure-original-1.jpeg', '22-thea-stilton-and-the-tropical-treasure-original-1.jpeg', 30, 'In Stock', '2017-02-04 04:36:23', '');
INSERT INTO `products` VALUES (17, 5, 9, 'Induscraft Solid Wood King Bed With Storage', 'Induscraft', 32566, 0, '<span style=\"color: rgb(33, 33, 33); font-family: Roboto, Arial, sans-serif; font-size: 18px;\">Induscraft Solid Wood King Bed With Storage</span><span style=\"color: rgb(33, 33, 33); font-family: Roboto, Arial, sans-serif; font-size: 18px;\">&nbsp;&nbsp;(Finish Color - Honey Brown)</span><br><div><ul><li>Material Subtype: Rosewood (Sheesham)<br></li><li>W x H x D: 1850 mm x 875 mm x 2057.5 mm<br></li><li>Floor Clearance: 8 mm<br></li><li>Delivery Condition: Knock Down<br></li></ul></div>', 'inaf245-queen-rosewood-sheesham-induscraft-na-honey-brown-original-1.jpeg', 'inaf245-queen-rosewood-sheesham-induscraft-na-honey-brown-original-2.jpeg', 'inaf245-queen-rosewood-sheesham-induscraft-na-honey-brown-original-3.jpeg', 0, 'In Stock', '2017-02-04 04:40:37', '');
INSERT INTO `products` VALUES (18, 5, 10, 'Nilkamal Ursa Metal Queen Bed', 'Nilkamal', 6523, 0, '<span style=\"color: rgb(33, 33, 33); font-family: Roboto, Arial, sans-serif; font-size: 18px;\">@home by Nilkamal Ursa Metal Queen Bed</span><span style=\"color: rgb(33, 33, 33); font-family: Roboto, Arial, sans-serif; font-size: 18px;\">&nbsp;&nbsp;(Finish Color - NA)</span><br><div><ul><li>Material Subtype: Carbon Steel<br></li><li>W x H x D: 1590 mm x 910 mm x 2070 mm<br></li><li>Floor Clearance: 341 mm<br></li><li>Delivery Condition: Knock Down<br></li></ul></div>', 'flbdorsabrqbblk-queen-carbon-steel-home-by-nilkamal-na-na-original-1.jpeg', 'flbdorsabrqbblk-queen-carbon-steel-home-by-nilkamal-na-na-original-2.jpeg', 'flbdorsabrqbblk-queen-carbon-steel-home-by-nilkamal-na-na-original-3.jpeg', 0, 'In Stock', '2017-02-04 04:42:27', '');
INSERT INTO `products` VALUES (19, 6, 12, 'Asian Casuals  (White, White)', 'Asian', 379, 0, '<ul style=\"box-sizing: border-box; margin-bottom: 0px; margin-left: 0px; color: rgb(33, 33, 33); font-family: Roboto, Arial, sans-serif; font-size: 14px;\"><li class=\"_2-riNZ\" style=\"box-sizing: border-box; margin: 0px; padding: 0px 0px 8px 16px; list-style: none; position: relative;\">Colour: White, White</li><li class=\"_2-riNZ\" style=\"box-sizing: border-box; margin: 0px; padding: 0px 0px 0px 16px; list-style: none; position: relative;\">Outer Material: Denim</li><li class=\"_1KuY3T row\" style=\"box-sizing: border-box; margin: 0px; padding: 0px 0px 16px; list-style: none; display: flex; flex-flow: row wrap; width: 731px;\"><div class=\"vmXPri col col-3-12\" style=\"box-sizing: border-box; margin: 0px; padding: 0px 8px 0px 0px; width: 182.75px; display: inline-block; vertical-align: top; color: rgb(135, 135, 135);\"><br></div></li></ul>', '1.jpeg', '2.jpeg', '3.jpeg', 45, 'In Stock', '2017-03-10 20:16:03', '');
INSERT INTO `products` VALUES (20, 6, 12, 'Adidas MESSI 16.3 TF Football turf Shoes  (Blue)', 'Adidas', 4129, 5000, '<ul style=\"box-sizing: border-box; margin-bottom: 0px; margin-left: 0px; color: rgb(33, 33, 33); font-family: Roboto, Arial, sans-serif; font-size: 14px;\"><li class=\"_2-riNZ\" style=\"box-sizing: border-box; margin: 0px; padding: 0px 0px 8px 16px; list-style: none; position: relative;\">Colour: Blue</li><li class=\"_2-riNZ\" style=\"box-sizing: border-box; margin: 0px; padding: 0px 0px 0px 16px; list-style: none; position: relative;\">Closure: Laced</li><li class=\"_1KuY3T row\" style=\"box-sizing: border-box; margin: 0px; padding: 0px 0px 16px; list-style: none; display: flex; flex-flow: row wrap; width: 731px;\"><div class=\"vmXPri col col-3-12\" style=\"text-align: left; box-sizing: border-box; margin: 0px; padding: 0px 8px 0px 0px; width: 182.75px; display: inline-block; vertical-align: top; color: rgb(135, 135, 135);\"><b>Weight</b></div><ul class=\"_3dG3ix col col-9-12\" style=\"box-sizing: border-box; margin-left: 0px; width: 548.25px; display: inline-block; vertical-align: top; line-height: 1.4;\"><li class=\"sNqDog\" style=\"text-align: left; box-sizing: border-box; margin: 0px; padding: 0px; list-style: none;\"><b>200 g (per single Shoe) - Weight of the product may vary depending on size.</b></li></ul></li><li class=\"_1KuY3T row\" style=\"box-sizing: border-box; margin: 0px; padding: 0px 0px 16px; list-style: none; display: flex; flex-flow: row wrap; width: 731px;\"><div class=\"vmXPri col col-3-12\" style=\"text-align: left; box-sizing: border-box; margin: 0px; padding: 0px 8px 0px 0px; width: 182.75px; display: inline-block; vertical-align: top; color: rgb(135, 135, 135);\"><b>Style</b></div><ul class=\"_3dG3ix col col-9-12\" style=\"box-sizing: border-box; margin-left: 0px; width: 548.25px; display: inline-block; vertical-align: top; line-height: 1.4;\"><li class=\"sNqDog\" style=\"text-align: left; box-sizing: border-box; margin: 0px; padding: 0px; list-style: none;\"><b>Panel and Stitch Detail, Textured Detail</b></li></ul></li><li class=\"_1KuY3T row\" style=\"box-sizing: border-box; margin: 0px; padding: 0px 0px 16px; list-style: none; display: flex; flex-flow: row wrap; width: 731px;\"><div class=\"vmXPri col col-3-12\" style=\"text-align: left; box-sizing: border-box; margin: 0px; padding: 0px 8px 0px 0px; width: 182.75px; display: inline-block; vertical-align: top; color: rgb(135, 135, 135);\"><b>Tip Shape</b></div><ul class=\"_3dG3ix col col-9-12\" style=\"box-sizing: border-box; margin-left: 0px; width: 548.25px; display: inline-block; vertical-align: top; line-height: 1.4;\"><li class=\"sNqDog\" style=\"text-align: left; box-sizing: border-box; margin: 0px; padding: 0px; list-style: none;\"><b>Round</b></li></ul></li><li class=\"_1KuY3T row\" style=\"box-sizing: border-box; margin: 0px; padding: 0px 0px 16px; list-style: none; display: flex; flex-flow: row wrap; width: 731px;\"><div class=\"vmXPri col col-3-12\" style=\"text-align: left; box-sizing: border-box; margin: 0px; padding: 0px 8px 0px 0px; width: 182.75px; display: inline-block; vertical-align: top; color: rgb(135, 135, 135);\"><b>Season</b></div><ul class=\"_3dG3ix col col-9-12\" style=\"box-sizing: border-box; margin-left: 0px; width: 548.25px; display: inline-block; vertical-align: top; line-height: 1.4;\"><li class=\"sNqDog\" style=\"text-align: left; box-sizing: border-box; margin: 0px; padding: 0px; list-style: none;\"><b>AW16</b></li></ul></li><li class=\"_1KuY3T row\" style=\"box-sizing: border-box; margin: 0px; padding: 0px; list-style: none; display: flex; flex-flow: row wrap; width: 731px;\"><div class=\"vmXPri col col-3-12\" style=\"text-align: left; box-sizing: border-box; margin: 0px; padding: 0px 8px 0px 0px; width: 182.75px; display: inline-block; vertical-align: top; color: rgb(135, 135, 135);\"><b>Closure</b></div><ul class=\"_3dG3ix col col-9-12\" style=\"box-sizing: border-box; margin-left: 0px; width: 548.25px; display: inline-block; vertical-align: top; line-height: 1.4;\"><li class=\"sNqDog\" style=\"text-align: left; box-sizing: border-box; margin: 0px; padding: 0px; list-style: none;\"><b>Laced</b></li></ul></li></ul>', '1.jpeg', '2.jpeg', '3.jpeg', 0, 'In Stock', '2017-03-10 20:19:22', '');

-- ----------------------------
-- Table structure for subcategory
-- ----------------------------
DROP TABLE IF EXISTS `subcategory`;
CREATE TABLE `subcategory`  (
  `id` int(11) NOT NULL AUTO_INCREMENT,
  `categoryid` int(11) NULL DEFAULT NULL,
  `subcategory` varchar(255) CHARACTER SET latin1 COLLATE latin1_swedish_ci NULL DEFAULT NULL,
  `creationDate` timestamp(0) NULL DEFAULT current_timestamp(0),
  `updationDate` varchar(255) CHARACTER SET latin1 COLLATE latin1_swedish_ci NULL DEFAULT NULL,
  PRIMARY KEY (`id`) USING BTREE
) ENGINE = InnoDB AUTO_INCREMENT = 13 CHARACTER SET = latin1 COLLATE = latin1_swedish_ci ROW_FORMAT = Dynamic;

-- ----------------------------
-- Records of subcategory
-- ----------------------------
INSERT INTO `subcategory` VALUES (2, 4, 'TV Led', '2017-01-26 16:24:52', '26-01-2017 11:03:40 PM');
INSERT INTO `subcategory` VALUES (3, 4, 'TV', '2017-01-26 16:29:09', '');
INSERT INTO `subcategory` VALUES (4, 4, 'Handphone', '2017-01-30 16:55:48', '');
INSERT INTO `subcategory` VALUES (5, 4, 'Aksesoris Handphone', '2017-02-04 04:12:40', '');
INSERT INTO `subcategory` VALUES (6, 4, 'Laptop', '2017-02-04 04:13:00', '');
INSERT INTO `subcategory` VALUES (7, 4, 'Komputer', '2017-02-04 04:13:27', '');
INSERT INTO `subcategory` VALUES (8, 3, 'Komik', '2017-02-04 04:13:54', '');
INSERT INTO `subcategory` VALUES (9, 5, 'Ranjang', '2017-02-04 04:36:45', '');
INSERT INTO `subcategory` VALUES (10, 5, 'Sofa', '2017-02-04 04:37:02', '');
INSERT INTO `subcategory` VALUES (11, 5, 'Meja Makan', '2017-02-04 04:37:51', '');
INSERT INTO `subcategory` VALUES (12, 6, 'Sepatu Pria', '2017-03-10 20:12:59', '');

-- ----------------------------
-- Table structure for userlog
-- ----------------------------
DROP TABLE IF EXISTS `userlog`;
CREATE TABLE `userlog`  (
  `id` int(11) NOT NULL AUTO_INCREMENT,
  `userEmail` varchar(255) CHARACTER SET latin1 COLLATE latin1_swedish_ci NULL DEFAULT NULL,
  `userip` binary(16) NULL DEFAULT NULL,
  `loginTime` timestamp(0) NULL DEFAULT current_timestamp(0),
  `logout` varchar(255) CHARACTER SET latin1 COLLATE latin1_swedish_ci NULL DEFAULT NULL,
  `status` int(11) NULL DEFAULT NULL,
  PRIMARY KEY (`id`) USING BTREE
) ENGINE = InnoDB AUTO_INCREMENT = 28 CHARACTER SET = latin1 COLLATE = latin1_swedish_ci ROW_FORMAT = Dynamic;

-- ----------------------------
-- Records of userlog
-- ----------------------------
INSERT INTO `userlog` VALUES (26, 'user@gmail.com', 0x3A3A3100000000000000000000000000, '2021-06-16 12:16:51', '16-06-2021 05:26:52 PM', 1);
INSERT INTO `userlog` VALUES (27, 'user@gmail.com', 0x3A3A3100000000000000000000000000, '2021-06-16 13:05:44', NULL, 1);

-- ----------------------------
-- Table structure for users
-- ----------------------------
DROP TABLE IF EXISTS `users`;
CREATE TABLE `users`  (
  `id` int(11) NOT NULL AUTO_INCREMENT,
  `name` varchar(255) CHARACTER SET latin1 COLLATE latin1_swedish_ci NULL DEFAULT NULL,
  `email` varchar(255) CHARACTER SET latin1 COLLATE latin1_swedish_ci NULL DEFAULT NULL,
  `contactno` bigint(11) NULL DEFAULT NULL,
  `password` varchar(255) CHARACTER SET latin1 COLLATE latin1_swedish_ci NULL DEFAULT NULL,
  `shippingAddress` longtext CHARACTER SET latin1 COLLATE latin1_swedish_ci NULL,
  `shippingState` varchar(255) CHARACTER SET latin1 COLLATE latin1_swedish_ci NULL DEFAULT NULL,
  `shippingCity` varchar(255) CHARACTER SET latin1 COLLATE latin1_swedish_ci NULL DEFAULT NULL,
  `shippingPincode` int(11) NULL DEFAULT NULL,
  `billingAddress` longtext CHARACTER SET latin1 COLLATE latin1_swedish_ci NULL,
  `billingState` varchar(255) CHARACTER SET latin1 COLLATE latin1_swedish_ci NULL DEFAULT NULL,
  `billingCity` varchar(255) CHARACTER SET latin1 COLLATE latin1_swedish_ci NULL DEFAULT NULL,
  `billingPincode` int(11) NULL DEFAULT NULL,
  `regDate` timestamp(0) NOT NULL DEFAULT current_timestamp(0),
  `updationDate` varchar(255) CHARACTER SET latin1 COLLATE latin1_swedish_ci NULL DEFAULT NULL,
  PRIMARY KEY (`id`) USING BTREE
) ENGINE = InnoDB AUTO_INCREMENT = 4 CHARACTER SET = latin1 COLLATE = latin1_swedish_ci ROW_FORMAT = Dynamic;

-- ----------------------------
-- Records of users
-- ----------------------------
INSERT INTO `users` VALUES (1, 'User Contoh', 'user@gmail.com', 8321654876, '202cb962ac59075b964b07152d234b70', 'Kalimanah, Purbalingga', 'Purbalingga', 'Purbalingga', 53371, 'Purbalingga', 'Purbalingga', 'Purbalingga', 53371, '2017-02-04 19:30:50', '');

-- ----------------------------
-- Table structure for wishlist
-- ----------------------------
DROP TABLE IF EXISTS `wishlist`;
CREATE TABLE `wishlist`  (
  `id` int(11) NOT NULL AUTO_INCREMENT,
  `userId` int(11) NULL DEFAULT NULL,
  `productId` int(11) NULL DEFAULT NULL,
  `postingDate` timestamp(0) NOT NULL DEFAULT current_timestamp(0),
  PRIMARY KEY (`id`) USING BTREE
) ENGINE = InnoDB AUTO_INCREMENT = 3 CHARACTER SET = latin1 COLLATE = latin1_swedish_ci ROW_FORMAT = Dynamic;

-- ----------------------------
-- Records of wishlist
-- ----------------------------
INSERT INTO `wishlist` VALUES (1, 1, 0, '2017-02-27 18:53:17');

SET FOREIGN_KEY_CHECKS = 1;
